<?xml version="1.0" encoding="UTF-8"?>
<project-private xmlns="http://www.netbeans.org/ns/project-private/1">
    <editor-bookmarks xmlns="http://www.netbeans.org/ns/editor-bookmarks/2" lastBookmarkId="0"/>
    <open-files xmlns="http://www.netbeans.org/ns/projectui-open-files/2">
        <group>
            <file>file:/C:/Users/Admin/OneDrive/Documents/NetBeansProjects/Assignment/src/Control/TutorialGroupManagement.java</file>
            <file>file:/C:/Users/Admin/OneDrive/Documents/NetBeansProjects/Assignment/src/Entity/Student.java</file>
            <file>file:/C:/Users/Admin/OneDrive/Documents/NetBeansProjects/Assignment/src/Entity/Course.java</file>
            <file>file:/C:/Users/Admin/OneDrive/Documents/NetBeansProjects/Assignment/src/Boundary/CourseManagementUI.java</file>
            <file>file:/C:/Users/Admin/OneDrive/Documents/NetBeansProjects/Assignment/src/Control/CourseManagement.java</file>
            <file>file:/C:/Users/Admin/OneDrive/Documents/NetBeansProjects/Assignment/src/ADT/HashedDictionary.java</file>
            <file>file:/C:/Users/Admin/OneDrive/Documents/NetBeansProjects/Assignment/src/Boundary/TutorManagementUI.java</file>
            <file>file:/C:/Users/Admin/OneDrive/Documents/NetBeansProjects/Assignment/src/Entity/Tutor.java</file>
            <file>file:/C:/Users/Admin/OneDrive/Documents/NetBeansProjects/Assignment/src/Boundary/ProgrammeManagementUI.java</file>
            <file>file:/C:/Users/Admin/OneDrive/Documents/NetBeansProjects/Assignment/src/Entity/Programme.java</file>
            <file>file:/C:/Users/Admin/OneDrive/Documents/NetBeansProjects/Assignment/src/Control/TutorManagement.java</file>
            <file>file:/C:/Users/Admin/OneDrive/Documents/NetBeansProjects/Assignment/src/Entity/Person.java</file>
            <file>file:/C:/Users/Admin/OneDrive/Documents/NetBeansProjects/Assignment/src/ADT/HashInterface.java</file>
            <file>file:/C:/Users/Admin/OneDrive/Documents/NetBeansProjects/Assignment/src/Utility/Message.java</file>
            <file>file:/C:/Users/Admin/OneDrive/Documents/NetBeansProjects/Assignment/src/Boundary/TutorialGroupManagementUI.java</file>
            <file>file:/C:/Users/Admin/OneDrive/Documents/NetBeansProjects/Assignment/src/Entity/TutorialGroup.java</file>
            <file>file:/C:/Users/Admin/OneDrive/Documents/NetBeansProjects/Assignment/src/Control/ProgrammeManagement.java</file>
        </group>
    </open-files>
</project-private>
